{
  "k": 8,
  "n_queries": 16,
  "embed_backend": "fastembed",
  "reranker_backend": "fastembed",
  "levels": {
    "base (vec+FTS+RRF)": {
      "hit_at_k": 0.9375,
      "mrr": 0.7552083333333334,
      "recall_at_k": 0.8854166666666666,
      "latency_ms": 18.563389778137207
    },
    "+graph (PageRank)": {
      "hit_at_k": 0.9375,
      "mrr": 0.7864583333333334,
      "recall_at_k": 0.8854166666666666,
      "latency_ms": 17.84355938434601
    },
    "+rerank (cross-enc)": {
      "hit_at_k": 0.9375,
      "mrr": 0.7864583333333334,
      "recall_at_k": 0.9375,
      "latency_ms": 611.5818917751312
    }
  }
}